"changeProcessLinkId","pkmnFormId","newPkmnFormId","isEvolution","changeProcessId"
"1","1","2","1","280"
"2","2","3","1","337"
"3","3","4","0","206"
"4","3","5","0","158"
"5","4","3","0","1"
"6","5","3","0","1"
"7","6","7","1","280"
"8","7","8","1","351"
"9","8","9","0","173"
"10","8","10","0","174"
"11","8","11","0","158"
"12","9","8","0","1"
"13","10","8","0","1"
"14","11","8","0","1"
"15","12","13","1","280"
"16","13","14","1","351"
"17","14","15","0","170"
"18","14","16","0","158"
"19","15","14","0","1"
"20","16","14","0","1"
"21","17","18","1","389"
"22","18","19","1","275"
"23","19","20","0","158"
"24","20","19","0","1"
"25","21","22","1","389"
"26","22","23","1","275"
"27","23","24","0","169"
"28","24","23","0","1"
"29","25","26","1","282"
"30","26","27","1","351"
"31","27","28","0","195"
"32","28","27","0","1"
"33","29","31","1","284"
"34","30","32","1","288"
"35","33","34","1","284"
"36","35","36","1","294"
"37","37","51","0","158"
"38","37","52","1","252"
"39","37","53","1","251"
"40","38","39","0","396"
"41","38","40","0","396"
"42","38","41","0","396"
"43","38","42","0","396"
"44","38","43","0","396"
"45","39","38","0","396"
"46","39","40","0","396"
"47","39","41","0","396"
"48","39","42","0","396"
"49","39","43","0","396"
"50","40","38","0","396"
"51","40","39","0","396"
"52","40","41","0","396"
"53","40","42","0","396"
"54","40","43","0","396"
"55","41","38","0","396"
"56","41","39","0","396"
"57","41","40","0","396"
"58","41","42","0","396"
"59","41","43","0","396"
"60","42","38","0","396"
"61","42","39","0","396"
"62","42","40","0","396"
"63","42","41","0","396"
"64","42","43","0","396"
"65","43","38","0","396"
"66","43","39","0","396"
"67","43","40","0","396"
"68","43","41","0","396"
"69","43","42","0","396"
"70","51","37","0","1"
"71","54","56","1","294"
"72","55","57","1","223"
"73","58","59","1","280"
"74","59","60","1","228"
"75","61","62","1","280"
"76","62","63","1","228"
"77","64","65","1","228"
"78","66","68","1","219"
"79","67","69","1","223"
"80","70","71","1","228"
"81","72","73","1","294"
"82","73","238","1","268"
"83","74","75","1","292"
"84","75","76","1","224"
"85","75","253","1","245"
"86","77","78","1","296"
"87","79","80","1","336"
"88","81","83","1","303"
"89","82","84","1","303"
"90","85","88","0","158"
"91","85","89","1","305"
"92","86","90","1","268"
"93","87","1178","1","305"
"94","88","85","0","1"
"95","91","92","1","341"
"96","93","94","1","305"
"97","95","96","1","219"
"98","97","98","1","297"
"99","98","99","1","253"
"100","98","257","1","414"
"101","100","101","1","280"
"102","101","102","1","406"
"103","102","103","0","164"
"104","103","102","0","1"
"105","104","105","1","305"
"106","105","106","1","406"
"107","106","107","0","158"
"108","107","106","0","1"
"109","108","109","1","292"
"110","109","110","1","224"
"111","111","112","1","309"
"112","113","115","1","297"
"113","114","116","1","297"
"114","115","117","1","406"
"115","116","118","1","406"
"116","119","121","1","361"
"117","120","122","1","361"
"118","123","125","1","354"
"119","123","270","1","414"
"120","124","127","1","220"
"121","124","271","1","221"
"122","125","126","0","202"
"123","126","125","0","1"
"124","128","129","1","309"
"125","129","608","1","250"
"126","131","1180","1","76"
"127","132","133","1","336"
"128","134","135","1","343"
"129","136","138","1","357"
"130","137","139","1","357"
"131","140","141","1","253"
"132","142","143","1","297"
"133","143","144","1","406"
"134","144","145","0","179"
"135","144","146","0","158"
"136","145","144","0","1"
"137","146","144","0","1"
"138","147","307","1","416"
"139","148","149","1","303"
"140","150","151","1","305"
"141","151","152","0","158"
"142","152","151","0","1"
"143","153","154","1","309"
"144","155","156","1","226"
"145","155","157","1","225"
"146","158","159","1","306"
"147","158","160","1","307"
"148","163","609","1","264"
"149","164","165","1","348"
"150","164","166","1","347"
"151","167","168","1","365"
"152","168","610","1","418"
"153","169","346","1","268"
"154","170","611","1","258"
"155","171","172","0","184"
"156","172","171","0","1"
"157","173","174","1","337"
"158","174","334","1","411"
"159","175","176","1","341"
"160","177","178","1","253"
"161","180","1181","1","365"
"162","181","312","1","416"
"163","181","1298","1","210"
"164","183","612","1","413"
"165","184","613","1","415"
"166","185","186","0","196"
"167","186","185","0","1"
"168","188","189","1","284"
"169","189","190","0","181"
"170","190","189","0","1"
"171","191","192","0","158"
"172","192","191","0","1"
"173","194","195","0","158"
"174","194","196","1","253"
"175","194","197","1","250"
"176","194","198","1","219"
"177","194","267","1","270"
"178","194","268","1","271"
"179","194","616","1","224"
"180","194","617","1","223"
"181","194","947","1","269"
"182","195","194","0","1"
"183","199","337","1","421"
"184","200","201","1","361"
"185","202","203","1","361"
"186","204","205","0","162"
"187","205","204","0","1"
"188","206","207","0","158"
"189","207","206","0","1"
"190","214","215","1","309"
"191","215","216","1","385"
"192","217","218","0","193"
"193","217","219","0","194"
"194","218","217","0","1"
"195","219","217","0","1"
"196","221","222","1","280"
"197","222","223","1","337"
"198","224","225","1","278"
"199","225","226","1","353"
"200","225","1308","1","352"
"201","227","228","1","282"
"202","228","229","1","309"
"203","230","231","1","279"
"204","232","233","1","284"
"205","234","235","1","282"
"206","236","237","1","294"
"207","239","240","1","304"
"208","241","37","1","268"
"209","243","64","1","268"
"210","244","70","1","268"
"211","245","246","1","268"
"212","246","614","1","244"
"213","247","248","1","297"
"214","249","250","1","279"
"215","250","251","1","309"
"216","251","252","0","166"
"217","252","251","0","1"
"218","254","255","1","282"
"219","258","259","1","282"
"220","259","260","1","304"
"221","261","566","1","259"
"222","262","263","1","245"
"223","264","615","1","258"
"224","265","266","1","284"
"225","269","573","1","218"
"226","272","572","1","218"
"227","303","304","1","336"
"228","306","618","1","274"
"229","307","308","0","200"
"230","308","307","0","1"
"231","309","310","1","295"
"232","312","313","0","203"
"233","313","312","0","1"
"234","315","316","0","182"
"235","316","315","0","1"
"236","317","607","1","273"
"237","318","319","1","309"
"238","319","1299","1","233"
"239","320","321","1","357"
"240","322","323","1","341"
"241","323","619","1","258"
"242","325","1179","1","357"
"243","326","327","1","297"
"244","331","332","1","296"
"245","332","333","0","183"
"246","333","332","0","1"
"247","335","336","1","297"
"248","337","620","1","412"
"249","338","1297","1","7"
"250","340","161","1","291"
"251","340","162","1","289"
"252","340","341","1","290"
"253","342","182","1","309"
"254","343","183","1","309"
"255","344","184","1","309"
"256","350","351","1","309"
"257","351","352","1","385"
"258","352","353","0","205"
"259","353","352","0","1"
"260","357","358","1","280"
"261","358","359","1","351"
"262","359","360","0","199"
"263","360","359","0","1"
"264","361","362","1","280"
"265","362","363","1","351"
"266","363","364","0","171"
"267","364","363","0","1"
"268","365","366","1","280"
"269","366","367","1","351"
"270","367","368","0","204"
"271","368","367","0","1"
"272","369","370","1","282"
"273","371","373","1","284"
"274","372","374","1","284"
"275","374","1177","1","346"
"276","375","376","1","390"
"277","375","378","1","390"
"278","376","377","1","275"
"279","378","379","1","275"
"280","380","381","1","278"
"281","381","382","1","253"
"282","383","384","1","278"
"283","384","385","1","224"
"284","386","387","1","294"
"285","388","389","1","297"
"286","390","391","1","284"
"287","391","392","1","309"
"288","391","621","1","214"
"289","392","393","0","178"
"290","393","392","0","1"
"291","394","395","1","294"
"292","396","397","1","295"
"293","398","399","1","282"
"294","399","400","1","351"
"295","401","402","1","284"
"296","401","403","1","2"
"297","404","405","1","284"
"298","405","406","1","361"
"299","407","408","1","296"
"300","409","254","1","268"
"301","410","623","1","250"
"302","411","412","1","228"
"303","413","414","0","197"
"304","414","413","0","1"
"305","415","416","0","190"
"306","416","415","0","1"
"307","417","418","1","337"
"308","418","419","1","365"
"309","419","420","0","163"
"310","420","419","0","1"
"311","421","422","1","354"
"312","422","423","0","191"
"313","423","422","0","1"
"314","424","425","1","303"
"315","425","426","0","189"
"316","426","425","0","1"
"317","431","542","1","244"
"318","432","433","1","303"
"319","434","435","1","309"
"320","435","436","0","201"
"321","436","435","0","1"
"322","437","438","1","361"
"323","439","440","1","341"
"324","440","441","0","172"
"325","441","440","0","1"
"326","443","444","1","337"
"327","446","447","1","346"
"328","447","448","1","368"
"329","449","450","1","337"
"330","451","452","1","346"
"331","452","453","0","165"
"332","453","452","0","1"
"333","458","459","1","309"
"334","460","461","1","309"
"335","462","463","1","351"
"336","464","465","1","361"
"337","466","467","1","361"
"338","468","469","1","267"
"340","470","471","0","93"
"341","470","472","0","93"
"342","470","473","0","93"
"343","471","470","0","93"
"344","471","472","0","93"
"345","471","473","0","93"
"346","472","470","0","93"
"347","472","471","0","93"
"348","472","473","0","93"
"349","473","470","0","93"
"350","473","471","0","93"
"351","473","472","0","93"
"352","475","476","1","354"
"353","476","477","0","168"
"354","477","476","0","1"
"355","478","479","1","354"
"356","479","624","1","419"
"357","482","483","0","161"
"358","483","482","0","1"
"359","484","301","1","279"
"360","485","486","1","365"
"361","485","625","1","213"
"362","486","487","0","180"
"363","487","486","0","1"
"364","488","489","1","337"
"365","489","490","1","367"
"366","491","492","1","410"
"367","491","493","1","409"
"368","496","497","1","309"
"369","497","498","1","372"
"370","498","499","0","198"
"371","499","498","0","1"
"372","500","501","1","284"
"373","501","502","1","368"
"374","502","503","0","192"
"375","503","502","0","1"
"376","507","508","0","185"
"377","508","507","0","1"
"378","509","510","0","186"
"379","510","509","0","1"
"380","511","512","0","423"
"381","512","511","0","1"
"382","513","514","0","424"
"383","514","513","0","1"
"384","515","516","0","159"
"385","516","515","0","1"
"386","518","519","0","397"
"387","518","520","0","397"
"388","518","521","0","397"
"389","519","518","0","397"
"390","519","520","0","397"
"391","519","521","0","397"
"392","520","518","0","397"
"393","520","519","0","397"
"394","520","521","0","397"
"395","521","518","0","397"
"396","521","519","0","397"
"397","521","520","0","397"
"398","522","523","1","282"
"399","523","524","1","337"
"400","525","526","1","278"
"401","526","527","1","351"
"402","528","529","1","280"
"403","529","530","1","351"
"404","531","532","1","278"
"405","532","533","1","343"
"406","534","535","1","279"
"407","536","537","1","275"
"408","538","539","1","279"
"409","539","540","1","309"
"410","541","431","1","270"
"411","543","544","1","309"
"412","545","546","1","309"
"413","547","548","0","77"
"414","547","549","0","79"
"415","547","550","1","285"
"416","547","553","1","286"
"417","548","547","0","78"
"418","548","549","0","79"
"419","548","551","1","285"
"420","548","553","1","286"
"421","549","547","0","78"
"422","549","548","0","77"
"423","549","552","1","285"
"424","549","553","1","286"
"425","554","555","1","293"
"426","557","558","1","303"
"427","559","560","1","297"
"428","560","561","0","84"
"429","561","560","0","84"
"430","562","564","1","309"
"431","563","565","1","309"
"432","567","568","1","305"
"433","569","570","1","268"
"434","570","571","0","187"
"435","571","570","0","1"
"436","574","575","1","357"
"437","576","481","1","271"
"438","577","578","1","343"
"439","579","580","1","341"
"440","581","256","1","261"
"441","582","179","1","263"
"442","582","180","1","262"
"443","583","169","1","272"
"444","586","587","1","296"
"445","587","588","1","370"
"446","588","589","0","177"
"447","589","588","0","1"
"448","590","206","1","268"
"449","591","592","1","270"
"450","592","593","0","188"
"451","593","592","0","1"
"452","594","595","1","343"
"453","596","597","1","361"
"454","598","599","1","354"
"455","601","602","1","336"
"456","603","329","1","257"
"457","604","605","1","361"
"458","605","606","0","160"
"459","606","605","0","1"
"460","621","622","0","176"
"461","622","621","0","1"
"462","626","627","0","243"
"463","626","628","0","243"
"464","626","629","0","243"
"465","626","630","0","243"
"466","626","631","0","243"
"467","627","626","0","243"
"468","627","628","0","243"
"469","627","629","0","243"
"470","627","630","0","243"
"471","627","631","0","243"
"472","628","626","0","243"
"473","628","627","0","243"
"474","628","629","0","243"
"475","628","630","0","243"
"476","628","631","0","243"
"477","629","626","0","243"
"478","629","627","0","243"
"479","629","628","0","243"
"480","629","630","0","243"
"481","629","631","0","243"
"482","630","626","0","243"
"483","630","627","0","243"
"484","630","628","0","243"
"485","630","629","0","243"
"486","630","631","0","243"
"487","631","626","0","243"
"488","631","627","0","243"
"489","631","628","0","243"
"490","631","629","0","243"
"491","631","630","0","243"
"492","635","1320","0","209"
"493","636","1321","0","227"
"494","639","640","0","38"
"496","640","639","0","1"
"497","645","646","0","222"
"498","646","645","0","1"
"500","647","648","0","107"
"502","647","649","0","107"
"504","647","650","0","107"
"506","647","651","0","107"
"508","647","652","0","107"
"510","647","653","0","107"
"512","647","654","0","107"
"514","647","655","0","107"
"516","647","656","0","107"
"518","647","657","0","107"
"520","647","658","0","107"
"522","647","659","0","107"
"524","647","660","0","107"
"526","647","661","0","107"
"528","647","662","0","107"
"530","647","663","0","107"
"532","647","665","0","107"
"533","648","647","0","107"
"535","648","649","0","107"
"537","648","650","0","107"
"539","648","651","0","107"
"541","648","652","0","107"
"543","648","653","0","107"
"545","648","654","0","107"
"547","648","655","0","107"
"549","648","656","0","107"
"551","648","657","0","107"
"553","648","658","0","107"
"555","648","659","0","107"
"557","648","660","0","107"
"559","648","661","0","107"
"561","648","662","0","107"
"563","648","663","0","107"
"565","648","665","0","107"
"566","649","647","0","107"
"568","649","648","0","107"
"570","649","650","0","107"
"572","649","651","0","107"
"574","649","652","0","107"
"576","649","653","0","107"
"578","649","654","0","107"
"580","649","655","0","107"
"582","649","656","0","107"
"584","649","657","0","107"
"586","649","658","0","107"
"588","649","659","0","107"
"590","649","660","0","107"
"592","649","661","0","107"
"594","649","662","0","107"
"596","649","663","0","107"
"598","649","665","0","107"
"599","650","647","0","107"
"601","650","648","0","107"
"603","650","649","0","107"
"605","650","651","0","107"
"607","650","652","0","107"
"609","650","653","0","107"
"611","650","654","0","107"
"613","650","655","0","107"
"615","650","656","0","107"
"617","650","657","0","107"
"619","650","658","0","107"
"621","650","659","0","107"
"623","650","660","0","107"
"625","650","661","0","107"
"627","650","662","0","107"
"629","650","663","0","107"
"631","650","665","0","107"
"632","651","647","0","107"
"634","651","648","0","107"
"636","651","649","0","107"
"638","651","650","0","107"
"640","651","652","0","107"
"642","651","653","0","107"
"644","651","654","0","107"
"646","651","655","0","107"
"648","651","656","0","107"
"650","651","657","0","107"
"652","651","658","0","107"
"654","651","659","0","107"
"656","651","660","0","107"
"658","651","661","0","107"
"660","651","662","0","107"
"662","651","663","0","107"
"664","651","665","0","107"
"665","652","647","0","107"
"667","652","648","0","107"
"669","652","649","0","107"
"671","652","650","0","107"
"673","652","651","0","107"
"675","652","653","0","107"
"677","652","654","0","107"
"679","652","655","0","107"
"681","652","656","0","107"
"683","652","657","0","107"
"685","652","658","0","107"
"687","652","659","0","107"
"689","652","660","0","107"
"691","652","661","0","107"
"693","652","662","0","107"
"695","652","663","0","107"
"697","652","665","0","107"
"698","653","647","0","107"
"700","653","648","0","107"
"702","653","649","0","107"
"704","653","650","0","107"
"706","653","651","0","107"
"708","653","652","0","107"
"710","653","654","0","107"
"712","653","655","0","107"
"714","653","656","0","107"
"716","653","657","0","107"
"718","653","658","0","107"
"720","653","659","0","107"
"722","653","660","0","107"
"724","653","661","0","107"
"726","653","662","0","107"
"728","653","663","0","107"
"730","653","665","0","107"
"731","654","647","0","107"
"733","654","648","0","107"
"735","654","649","0","107"
"737","654","650","0","107"
"739","654","651","0","107"
"741","654","652","0","107"
"743","654","653","0","107"
"745","654","655","0","107"
"747","654","656","0","107"
"749","654","657","0","107"
"751","654","658","0","107"
"753","654","659","0","107"
"755","654","660","0","107"
"757","654","661","0","107"
"759","654","662","0","107"
"761","654","663","0","107"
"763","654","665","0","107"
"764","655","647","0","107"
"766","655","648","0","107"
"768","655","649","0","107"
"770","655","650","0","107"
"772","655","651","0","107"
"774","655","652","0","107"
"776","655","653","0","107"
"778","655","654","0","107"
"780","655","656","0","107"
"782","655","657","0","107"
"784","655","658","0","107"
"786","655","659","0","107"
"788","655","660","0","107"
"790","655","661","0","107"
"792","655","662","0","107"
"794","655","663","0","107"
"796","655","665","0","107"
"797","656","647","0","107"
"799","656","648","0","107"
"801","656","649","0","107"
"803","656","650","0","107"
"805","656","651","0","107"
"807","656","652","0","107"
"809","656","653","0","107"
"811","656","654","0","107"
"813","656","655","0","107"
"815","656","657","0","107"
"817","656","658","0","107"
"819","656","659","0","107"
"821","656","660","0","107"
"823","656","661","0","107"
"825","656","662","0","107"
"827","656","663","0","107"
"829","656","665","0","107"
"830","657","647","0","107"
"832","657","648","0","107"
"834","657","649","0","107"
"836","657","650","0","107"
"838","657","651","0","107"
"840","657","652","0","107"
"842","657","653","0","107"
"844","657","654","0","107"
"846","657","655","0","107"
"848","657","656","0","107"
"850","657","658","0","107"
"852","657","659","0","107"
"854","657","660","0","107"
"856","657","661","0","107"
"858","657","662","0","107"
"860","657","663","0","107"
"862","657","665","0","107"
"863","658","647","0","107"
"865","658","648","0","107"
"867","658","649","0","107"
"869","658","650","0","107"
"871","658","651","0","107"
"873","658","652","0","107"
"875","658","653","0","107"
"877","658","654","0","107"
"879","658","655","0","107"
"881","658","656","0","107"
"883","658","657","0","107"
"885","658","659","0","107"
"887","658","660","0","107"
"889","658","661","0","107"
"891","658","662","0","107"
"893","658","663","0","107"
"895","658","665","0","107"
"896","659","647","0","107"
"898","659","648","0","107"
"900","659","649","0","107"
"902","659","650","0","107"
"904","659","651","0","107"
"906","659","652","0","107"
"908","659","653","0","107"
"910","659","654","0","107"
"912","659","655","0","107"
"914","659","656","0","107"
"916","659","657","0","107"
"918","659","658","0","107"
"920","659","660","0","107"
"922","659","661","0","107"
"924","659","662","0","107"
"926","659","663","0","107"
"928","659","665","0","107"
"929","660","647","0","107"
"931","660","648","0","107"
"933","660","649","0","107"
"935","660","650","0","107"
"937","660","651","0","107"
"939","660","652","0","107"
"941","660","653","0","107"
"943","660","654","0","107"
"945","660","655","0","107"
"947","660","656","0","107"
"949","660","657","0","107"
"951","660","658","0","107"
"953","660","659","0","107"
"955","660","661","0","107"
"957","660","662","0","107"
"959","660","663","0","107"
"961","660","665","0","107"
"962","661","647","0","107"
"964","661","648","0","107"
"966","661","649","0","107"
"968","661","650","0","107"
"970","661","651","0","107"
"972","661","652","0","107"
"974","661","653","0","107"
"976","661","654","0","107"
"978","661","655","0","107"
"980","661","656","0","107"
"982","661","657","0","107"
"984","661","658","0","107"
"986","661","659","0","107"
"988","661","660","0","107"
"990","661","662","0","107"
"992","661","663","0","107"
"994","661","665","0","107"
"995","662","647","0","107"
"997","662","648","0","107"
"999","662","649","0","107"
"1001","662","650","0","107"
"1003","662","651","0","107"
"1005","662","652","0","107"
"1007","662","653","0","107"
"1009","662","654","0","107"
"1011","662","655","0","107"
"1013","662","656","0","107"
"1015","662","657","0","107"
"1017","662","658","0","107"
"1019","662","659","0","107"
"1021","662","660","0","107"
"1023","662","661","0","107"
"1025","662","663","0","107"
"1027","662","665","0","107"
"1028","663","647","0","107"
"1030","663","648","0","107"
"1032","663","649","0","107"
"1034","663","650","0","107"
"1036","663","651","0","107"
"1038","663","652","0","107"
"1040","663","653","0","107"
"1042","663","654","0","107"
"1044","663","655","0","107"
"1046","663","656","0","107"
"1048","663","657","0","107"
"1050","663","658","0","107"
"1052","663","659","0","107"
"1054","663","660","0","107"
"1056","663","661","0","107"
"1058","663","662","0","107"
"1060","663","665","0","107"
"1061","665","647","0","107"
"1063","665","648","0","107"
"1065","665","649","0","107"
"1067","665","650","0","107"
"1069","665","651","0","107"
"1071","665","652","0","107"
"1073","665","653","0","107"
"1075","665","654","0","107"
"1077","665","655","0","107"
"1079","665","656","0","107"
"1081","665","657","0","107"
"1083","665","658","0","107"
"1085","665","659","0","107"
"1087","665","660","0","107"
"1089","665","661","0","107"
"1091","665","662","0","107"
"1093","665","663","0","107"
"1094","667","668","1","281"
"1095","668","669","1","351"
"1096","670","671","1","281"
"1097","671","672","1","351"
"1098","673","674","1","281"
"1099","674","675","1","353"
"1100","674","1311","1","352"
"1101","676","677","1","284"
"1102","678","679","1","280"
"1103","679","680","1","337"
"1104","681","682","1","284"
"1105","683","684","1","224"
"1106","685","686","1","219"
"1107","687","688","1","253"
"1108","689","690","1","228"
"1109","691","692","1","292"
"1110","692","693","1","339"
"1111","692","694","1","338"
"1112","695","696","1","304"
"1113","697","698","1","297"
"1114","698","699","1","406"
"1115","700","701","1","268"
"1116","702","703","1","336"
"1117","704","705","0","167"
"1118","705","704","0","1"
"1119","706","707","1","297"
"1120","707","708","1","406"
"1121","709","710","1","297"
"1122","710","711","1","351"
"1123","714","715","1","284"
"1124","715","716","1","268"
"1125","717","718","1","294"
"1126","718","719","1","309"
"1127","720","721","1","245"
"1128","722","723","1","247"
"1129","722","1312","1","246"
"1130","726","727","1","308"
"1131","727","728","1","361"
"1132","729","731","1","346"
"1133","730","733","1","223"
"1134","731","732","0","97"
"1135","732","731","0","97"
"1137","733","734","0","97"
"1138","734","733","0","97"
"1140","736","737","1","343"
"1141","738","739","1","358"
"1142","741","743","1","343"
"1143","742","1182","1","399"
"1144","744","745","1","354"
"1145","746","747","1","354"
"1146","748","749","1","351"
"1147","749","750","0","158"
"1148","750","749","0","1"
"1149","751","752","1","309"
"1150","753","754","1","244"
"1151","755","756","1","337"
"1152","756","757","1","364"
"1153","758","759","1","337"
"1154","759","760","1","364"
"1155","761","762","1","346"
"1156","763","764","1","346"
"1157","764","765","1","369"
"1158","766","767","0","404"
"1159","766","768","0","402"
"1160","766","769","0","405"
"1161","766","770","1","343"
"1162","767","766","0","403"
"1163","767","768","0","402"
"1164","767","769","0","405"
"1165","767","771","1","343"
"1166","768","766","0","403"
"1167","768","767","0","404"
"1168","768","769","0","405"
"1169","768","772","1","343"
"1170","769","766","0","403"
"1171","769","767","0","404"
"1172","769","768","0","402"
"1173","769","773","1","343"
"1174","770","771","0","404"
"1175","770","772","0","402"
"1176","770","773","0","405"
"1177","771","770","0","403"
"1178","771","772","0","402"
"1179","771","773","0","405"
"1180","772","770","0","403"
"1181","772","771","0","404"
"1182","772","773","0","405"
"1183","773","770","0","403"
"1184","773","771","0","404"
"1185","773","772","0","402"
"1186","775","776","1","408"
"1187","777","778","1","358"
"1188","779","781","1","361"
"1189","780","782","1","361"
"1190","784","785","1","351"
"1191","786","787","1","361"
"1192","788","789","1","357"
"1193","789","790","1","371"
"1194","791","792","1","358"
"1195","792","793","1","250"
"1196","794","795","1","365"
"1197","796","797","1","364"
"1198","797","798","1","218"
"1199","799","800","1","357"
"1200","800","801","1","370"
"1201","802","803","1","354"
"1202","805","806","1","407"
"1203","809","810","1","372"
"1204","812","813","1","366"
"1205","814","815","1","375"
"1206","817","818","1","384"
"1207","817","1315","1","383"
"1208","819","820","1","382"
"1209","823","824","1","372"
"1210","824","825","1","388"
"1211","826","827","1","386"
"1212","831","832","0","242"
"1213","832","831","0","242"
"1214","833","834","0","242"
"1215","834","833","0","242"
"1216","837","838","0","242"
"1217","838","837","0","242"
"1218","839","840","0","217"
"1219","839","841","0","216"
"1220","840","839","0","215"
"1221","841","839","0","215"
"1222","842","843","0","5"
"1223","843","842","0","1"
"1224","844","845","0","81"
"1225","845","844","0","1"
"1227","846","847","0","28"
"1228","846","848","0","57"
"1229","846","849","0","17"
"1230","846","850","0","18"
"1231","847","846","0","1"
"1232","847","848","0","57"
"1233","847","849","0","17"
"1234","847","850","0","18"
"1235","848","846","0","1"
"1236","848","847","0","28"
"1237","848","849","0","17"
"1238","848","850","0","18"
"1239","849","846","0","1"
"1240","849","847","0","28"
"1241","849","848","0","57"
"1242","849","850","0","18"
"1243","850","846","0","1"
"1244","850","847","0","28"
"1245","850","848","0","57"
"1246","850","849","0","17"
"1247","851","852","1","280"
"1248","852","853","1","351"
"1249","854","855","1","280"
"1250","855","856","1","351"
"1251","857","858","1","280"
"1252","858","859","1","351"
"1253","860","861","0","88"
"1254","861","860","0","88"
"1255","862","863","1","284"
"1256","864","865","1","281"
"1257","865","866","1","346"
"1258","867","868","1","391"
"1259","868","869","1","276"
"1260","868","870","1","277"
"1261","868","871","1","277"
"1262","868","872","1","277"
"1263","868","873","1","277"
"1264","868","874","1","277"
"1265","868","875","1","277"
"1266","868","876","1","277"
"1267","868","877","1","277"
"1268","868","878","1","277"
"1269","868","879","1","277"
"1270","868","880","1","277"
"1271","868","881","1","277"
"1272","868","882","1","277"
"1273","868","883","1","277"
"1274","868","884","1","277"
"1275","868","885","1","277"
"1276","868","886","1","277"
"1277","889","890","1","350"
"1278","889","891","1","349"
"1279","892","897","1","283"
"1280","893","898","1","283"
"1281","894","899","1","283"
"1282","895","900","1","283"
"1283","896","901","1","283"
"1284","897","903","1","244"
"1285","898","904","1","244"
"1286","899","905","1","244"
"1287","900","906","1","244"
"1288","901","907","1","244"
"1289","908","909","1","337"
"1290","910","911","1","340"
"1291","912","913","0","395"
"1292","912","914","0","395"
"1293","912","915","0","395"
"1294","912","916","0","395"
"1295","912","917","0","395"
"1296","912","918","0","395"
"1297","912","919","0","395"
"1298","912","920","0","395"
"1299","912","921","0","395"
"1300","913","912","0","395"
"1301","913","912","0","401"
"1302","913","914","0","395"
"1303","913","915","0","395"
"1304","913","916","0","395"
"1305","913","917","0","395"
"1306","913","918","0","395"
"1307","913","919","0","395"
"1308","913","920","0","395"
"1309","913","921","0","395"
"1310","914","912","0","395"
"1311","914","912","0","401"
"1312","914","913","0","395"
"1313","914","915","0","395"
"1314","914","916","0","395"
"1315","914","917","0","395"
"1316","914","918","0","395"
"1317","914","919","0","395"
"1318","914","920","0","395"
"1319","914","921","0","395"
"1320","915","912","0","395"
"1321","915","912","0","401"
"1322","915","913","0","395"
"1323","915","914","0","395"
"1324","915","916","0","395"
"1325","915","917","0","395"
"1326","915","918","0","395"
"1327","915","919","0","395"
"1328","915","920","0","395"
"1329","915","921","0","395"
"1330","916","912","0","395"
"1331","916","912","0","401"
"1332","916","913","0","395"
"1333","916","914","0","395"
"1334","916","915","0","395"
"1335","916","917","0","395"
"1336","916","918","0","395"
"1337","916","919","0","395"
"1338","916","920","0","395"
"1339","916","921","0","395"
"1340","917","912","0","395"
"1341","917","912","0","401"
"1342","917","913","0","395"
"1343","917","914","0","395"
"1344","917","915","0","395"
"1345","917","916","0","395"
"1346","917","918","0","395"
"1347","917","919","0","395"
"1348","917","920","0","395"
"1349","917","921","0","395"
"1350","918","912","0","395"
"1351","918","912","0","401"
"1352","918","913","0","395"
"1353","918","914","0","395"
"1354","918","915","0","395"
"1355","918","916","0","395"
"1356","918","917","0","395"
"1357","918","919","0","395"
"1358","918","920","0","395"
"1359","918","921","0","395"
"1360","919","912","0","395"
"1361","919","912","0","401"
"1362","919","913","0","395"
"1363","919","914","0","395"
"1364","919","915","0","395"
"1365","919","916","0","395"
"1366","919","917","0","395"
"1367","919","918","0","395"
"1368","919","920","0","395"
"1369","919","921","0","395"
"1370","920","912","0","395"
"1371","920","912","0","401"
"1372","920","913","0","395"
"1373","920","914","0","395"
"1374","920","915","0","395"
"1375","920","916","0","395"
"1376","920","917","0","395"
"1377","920","918","0","395"
"1378","920","919","0","395"
"1379","920","921","0","395"
"1380","921","912","0","395"
"1381","921","912","0","401"
"1382","921","913","0","395"
"1383","921","914","0","395"
"1384","921","915","0","395"
"1385","921","916","0","395"
"1386","921","917","0","395"
"1387","921","918","0","395"
"1388","921","919","0","395"
"1389","921","920","0","395"
"1390","922","923","1","298"
"1391","922","924","1","299"
"1392","925","926","1","346"
"1393","926","927","1","218"
"1394","927","928","0","85"
"1395","928","927","0","85"
"1397","929","930","1","420"
"1398","931","932","1","422"
"1399","933","934","1","310"
"1400","935","936","1","358"
"1401","937","938","1","370"
"1402","939","940","1","354"
"1403","941","942","1","245"
"1404","943","944","1","359"
"1405","945","946","1","360"
"1406","951","952","1","363"
"1407","951","1316","1","362"
"1408","952","953","1","374"
"1409","955","956","1","406"
"1410","957","961","1","406"
"1411","958","962","1","406"
"1412","959","963","1","406"
"1413","960","964","1","406"
"1414","965","966","1","356"
"1415","965","1318","1","355"
"1416","967","968","1","370"
"1417","969","970","0","80"
"1418","970","969","0","1"
"1419","972","973","0","255"
"1420","972","974","0","99"
"1421","973","972","0","255"
"1422","973","974","0","99"
"1423","974","972","0","99"
"1424","974","973","0","99"
"1425","975","976","0","175"
"1426","976","975","0","1"
"1427","977","978","0","235"
"1428","978","977","0","400"
"1429","980","981","1","281"
"1430","981","982","1","344"
"1431","981","1319","1","352"
"1432","983","984","1","281"
"1433","984","985","1","343"
"1434","986","987","1","281"
"1435","987","988","1","343"
"1436","989","990","1","278"
"1437","990","991","1","305"
"1438","992","993","1","287"
"1439","994","995","1","284"
"1440","995","996","1","250"
"1441","997","998","1","223"
"1442","999","1000","0","254"
"1443","999","1001","0","234"
"1444","999","1002","0","236"
"1445","1000","999","0","238"
"1446","1000","1001","0","234"
"1447","1000","1002","0","236"
"1448","1001","999","0","238"
"1449","1001","1000","0","254"
"1450","1001","1002","0","236"
"1451","1002","999","0","238"
"1452","1002","1000","0","254"
"1453","1002","1001","0","234"
"1454","1003","1004","1","297"
"1455","1005","1007","1","301"
"1456","1005","1008","1","302"
"1457","1006","1009","1","300"
"1458","1010","1011","0","96"
"1459","1011","1010","0","96"
"1461","1012","1013","1","357"
"1462","1014","1015","1","309"
"1463","1016","1017","1","294"
"1464","1018","1019","1","345"
"1465","1020","1021","1","296"
"1466","1022","1023","1","342"
"1467","1024","1025","1","304"
"1468","1026","1027","1","282"
"1469","1027","1028","1","265"
"1470","1032","1033","1","309"
"1471","1034","1035","1","365"
"1472","1037","1038","1","268"
"1473","1038","1039","0","106"
"1474","1038","1040","0","106"
"1475","1038","1041","0","106"
"1476","1038","1042","0","106"
"1477","1038","1043","0","106"
"1478","1038","1044","0","106"
"1479","1038","1045","0","106"
"1480","1038","1046","0","106"
"1481","1038","1047","0","106"
"1482","1038","1048","0","106"
"1483","1038","1049","0","106"
"1484","1038","1050","0","106"
"1485","1038","1051","0","106"
"1486","1038","1052","0","106"
"1487","1038","1053","0","106"
"1488","1038","1054","0","106"
"1489","1038","1055","0","106"
"1490","1039","1038","0","106"
"1491","1039","1040","0","106"
"1492","1039","1041","0","106"
"1493","1039","1042","0","106"
"1494","1039","1043","0","106"
"1495","1039","1044","0","106"
"1496","1039","1045","0","106"
"1497","1039","1046","0","106"
"1498","1039","1047","0","106"
"1499","1039","1048","0","106"
"1500","1039","1049","0","106"
"1501","1039","1050","0","106"
"1502","1039","1051","0","106"
"1503","1039","1052","0","106"
"1504","1039","1053","0","106"
"1505","1039","1054","0","106"
"1506","1039","1055","0","106"
"1507","1040","1038","0","106"
"1508","1040","1039","0","106"
"1509","1040","1041","0","106"
"1510","1040","1042","0","106"
"1511","1040","1043","0","106"
"1512","1040","1044","0","106"
"1513","1040","1045","0","106"
"1514","1040","1046","0","106"
"1515","1040","1047","0","106"
"1516","1040","1048","0","106"
"1517","1040","1049","0","106"
"1518","1040","1050","0","106"
"1519","1040","1051","0","106"
"1520","1040","1052","0","106"
"1521","1040","1053","0","106"
"1522","1040","1054","0","106"
"1523","1040","1055","0","106"
"1524","1041","1038","0","106"
"1525","1041","1039","0","106"
"1526","1041","1040","0","106"
"1527","1041","1042","0","106"
"1528","1041","1043","0","106"
"1529","1041","1044","0","106"
"1530","1041","1045","0","106"
"1531","1041","1046","0","106"
"1532","1041","1047","0","106"
"1533","1041","1048","0","106"
"1534","1041","1049","0","106"
"1535","1041","1050","0","106"
"1536","1041","1051","0","106"
"1537","1041","1052","0","106"
"1538","1041","1053","0","106"
"1539","1041","1054","0","106"
"1540","1041","1055","0","106"
"1541","1042","1038","0","106"
"1542","1042","1039","0","106"
"1543","1042","1040","0","106"
"1544","1042","1041","0","106"
"1545","1042","1043","0","106"
"1546","1042","1044","0","106"
"1547","1042","1045","0","106"
"1548","1042","1046","0","106"
"1549","1042","1047","0","106"
"1550","1042","1048","0","106"
"1551","1042","1049","0","106"
"1552","1042","1050","0","106"
"1553","1042","1051","0","106"
"1554","1042","1052","0","106"
"1555","1042","1053","0","106"
"1556","1042","1054","0","106"
"1557","1042","1055","0","106"
"1558","1043","1038","0","106"
"1559","1043","1039","0","106"
"1560","1043","1040","0","106"
"1561","1043","1041","0","106"
"1562","1043","1042","0","106"
"1563","1043","1044","0","106"
"1564","1043","1045","0","106"
"1565","1043","1046","0","106"
"1566","1043","1047","0","106"
"1567","1043","1048","0","106"
"1568","1043","1049","0","106"
"1569","1043","1050","0","106"
"1570","1043","1051","0","106"
"1571","1043","1052","0","106"
"1572","1043","1053","0","106"
"1573","1043","1054","0","106"
"1574","1043","1055","0","106"
"1575","1044","1038","0","106"
"1576","1044","1039","0","106"
"1577","1044","1040","0","106"
"1578","1044","1041","0","106"
"1579","1044","1042","0","106"
"1580","1044","1043","0","106"
"1581","1044","1045","0","106"
"1582","1044","1046","0","106"
"1583","1044","1047","0","106"
"1584","1044","1048","0","106"
"1585","1044","1049","0","106"
"1586","1044","1050","0","106"
"1587","1044","1051","0","106"
"1588","1044","1052","0","106"
"1589","1044","1053","0","106"
"1590","1044","1054","0","106"
"1591","1044","1055","0","106"
"1592","1045","1038","0","106"
"1593","1045","1039","0","106"
"1594","1045","1040","0","106"
"1595","1045","1041","0","106"
"1596","1045","1042","0","106"
"1597","1045","1043","0","106"
"1598","1045","1044","0","106"
"1599","1045","1046","0","106"
"1600","1045","1047","0","106"
"1601","1045","1048","0","106"
"1602","1045","1049","0","106"
"1603","1045","1050","0","106"
"1604","1045","1051","0","106"
"1605","1045","1052","0","106"
"1606","1045","1053","0","106"
"1607","1045","1054","0","106"
"1608","1045","1055","0","106"
"1609","1046","1038","0","106"
"1610","1046","1039","0","106"
"1611","1046","1040","0","106"
"1612","1046","1041","0","106"
"1613","1046","1042","0","106"
"1614","1046","1043","0","106"
"1615","1046","1044","0","106"
"1616","1046","1045","0","106"
"1617","1046","1047","0","106"
"1618","1046","1048","0","106"
"1619","1046","1049","0","106"
"1620","1046","1050","0","106"
"1621","1046","1051","0","106"
"1622","1046","1052","0","106"
"1623","1046","1053","0","106"
"1624","1046","1054","0","106"
"1625","1046","1055","0","106"
"1626","1047","1038","0","106"
"1627","1047","1039","0","106"
"1628","1047","1040","0","106"
"1629","1047","1041","0","106"
"1630","1047","1042","0","106"
"1631","1047","1043","0","106"
"1632","1047","1044","0","106"
"1633","1047","1045","0","106"
"1634","1047","1046","0","106"
"1635","1047","1048","0","106"
"1636","1047","1049","0","106"
"1637","1047","1050","0","106"
"1638","1047","1051","0","106"
"1639","1047","1052","0","106"
"1640","1047","1053","0","106"
"1641","1047","1054","0","106"
"1642","1047","1055","0","106"
"1643","1048","1038","0","106"
"1644","1048","1039","0","106"
"1645","1048","1040","0","106"
"1646","1048","1041","0","106"
"1647","1048","1042","0","106"
"1648","1048","1043","0","106"
"1649","1048","1044","0","106"
"1650","1048","1045","0","106"
"1651","1048","1046","0","106"
"1652","1048","1047","0","106"
"1653","1048","1049","0","106"
"1654","1048","1050","0","106"
"1655","1048","1051","0","106"
"1656","1048","1052","0","106"
"1657","1048","1053","0","106"
"1658","1048","1054","0","106"
"1659","1048","1055","0","106"
"1660","1049","1038","0","106"
"1661","1049","1039","0","106"
"1662","1049","1040","0","106"
"1663","1049","1041","0","106"
"1664","1049","1042","0","106"
"1665","1049","1043","0","106"
"1666","1049","1044","0","106"
"1667","1049","1045","0","106"
"1668","1049","1046","0","106"
"1669","1049","1047","0","106"
"1670","1049","1048","0","106"
"1671","1049","1050","0","106"
"1672","1049","1051","0","106"
"1673","1049","1052","0","106"
"1674","1049","1053","0","106"
"1675","1049","1054","0","106"
"1676","1049","1055","0","106"
"1677","1050","1038","0","106"
"1678","1050","1039","0","106"
"1679","1050","1040","0","106"
"1680","1050","1041","0","106"
"1681","1050","1042","0","106"
"1682","1050","1043","0","106"
"1683","1050","1044","0","106"
"1684","1050","1045","0","106"
"1685","1050","1046","0","106"
"1686","1050","1047","0","106"
"1687","1050","1048","0","106"
"1688","1050","1049","0","106"
"1689","1050","1051","0","106"
"1690","1050","1052","0","106"
"1691","1050","1053","0","106"
"1692","1050","1054","0","106"
"1693","1050","1055","0","106"
"1694","1051","1038","0","106"
"1695","1051","1039","0","106"
"1696","1051","1040","0","106"
"1697","1051","1041","0","106"
"1698","1051","1042","0","106"
"1699","1051","1043","0","106"
"1700","1051","1044","0","106"
"1701","1051","1045","0","106"
"1702","1051","1046","0","106"
"1703","1051","1047","0","106"
"1704","1051","1048","0","106"
"1705","1051","1049","0","106"
"1706","1051","1050","0","106"
"1707","1051","1052","0","106"
"1708","1051","1053","0","106"
"1709","1051","1054","0","106"
"1710","1051","1055","0","106"
"1711","1052","1038","0","106"
"1712","1052","1039","0","106"
"1713","1052","1040","0","106"
"1714","1052","1041","0","106"
"1715","1052","1042","0","106"
"1716","1052","1043","0","106"
"1717","1052","1044","0","106"
"1718","1052","1045","0","106"
"1719","1052","1046","0","106"
"1720","1052","1047","0","106"
"1721","1052","1048","0","106"
"1722","1052","1049","0","106"
"1723","1052","1050","0","106"
"1724","1052","1051","0","106"
"1725","1052","1053","0","106"
"1726","1052","1054","0","106"
"1727","1052","1055","0","106"
"1728","1053","1038","0","106"
"1729","1053","1039","0","106"
"1730","1053","1040","0","106"
"1731","1053","1041","0","106"
"1732","1053","1042","0","106"
"1733","1053","1043","0","106"
"1734","1053","1044","0","106"
"1735","1053","1045","0","106"
"1736","1053","1046","0","106"
"1737","1053","1047","0","106"
"1738","1053","1048","0","106"
"1739","1053","1049","0","106"
"1740","1053","1050","0","106"
"1741","1053","1051","0","106"
"1742","1053","1052","0","106"
"1743","1053","1054","0","106"
"1744","1053","1055","0","106"
"1745","1054","1038","0","106"
"1746","1054","1039","0","106"
"1747","1054","1040","0","106"
"1748","1054","1041","0","106"
"1749","1054","1042","0","106"
"1750","1054","1043","0","106"
"1751","1054","1044","0","106"
"1752","1054","1045","0","106"
"1753","1054","1046","0","106"
"1754","1054","1047","0","106"
"1755","1054","1048","0","106"
"1756","1054","1049","0","106"
"1757","1054","1050","0","106"
"1758","1054","1051","0","106"
"1759","1054","1052","0","106"
"1760","1054","1053","0","106"
"1761","1054","1055","0","106"
"1762","1055","1038","0","106"
"1763","1055","1039","0","106"
"1764","1055","1040","0","106"
"1765","1055","1041","0","106"
"1766","1055","1042","0","106"
"1767","1055","1043","0","106"
"1768","1055","1044","0","106"
"1769","1055","1045","0","106"
"1770","1055","1046","0","106"
"1771","1055","1047","0","106"
"1772","1055","1048","0","106"
"1773","1055","1049","0","106"
"1774","1055","1050","0","106"
"1775","1055","1051","0","106"
"1776","1055","1052","0","106"
"1777","1055","1053","0","106"
"1778","1055","1054","0","106"
"1779","1056","1057","0","103"
"1781","1056","1058","0","103"
"1783","1056","1059","0","103"
"1785","1056","1060","0","103"
"1787","1056","1061","0","103"
"1789","1056","1062","0","103"
"1791","1056","1063","0","103"
"1793","1057","1056","0","103"
"1794","1058","1056","0","103"
"1795","1059","1056","0","103"
"1796","1060","1056","0","103"
"1797","1061","1056","0","103"
"1798","1062","1056","0","103"
"1799","1063","1056","0","103"
"1800","1067","1068","0","87"
"1801","1068","1067","0","87"
"1802","1072","1073","1","346"
"1803","1073","1074","1","368"
"1804","1079","1080","1","366"
"1805","1080","1081","1","377"
"1808","1080","1082","1","379"
"1811","1090","1091","0","232"
"1812","1090","1092","0","230"
"1813","1091","1090","0","231"
"1814","1091","1093","0","207"
"1815","1092","1090","0","229"
"1816","1092","1093","0","207"
"1817","1093","1091","0","1"
"1818","1093","1092","0","1"
"1819","1097","1098","1","260"
"1820","1102","1103","1","208"
"1821","1103","1104","0","158"
"1822","1104","1103","0","1"
"1823","1105","1106","1","280"
"1824","1106","1107","1","346"
"1825","1107","1108","0","158"
"1826","1108","1107","0","1"
"1827","1109","1110","1","280"
"1828","1110","1111","1","346"
"1829","1111","1112","0","158"
"1830","1112","1111","0","1"
"1831","1113","1114","1","280"
"1832","1114","1115","1","346"
"1833","1115","1116","0","158"
"1834","1116","1115","0","1"
"1835","1117","1118","1","296"
"1836","1119","1120","1","282"
"1837","1120","1121","1","357"
"1838","1121","1122","0","158"
"1839","1122","1121","0","1"
"1840","1123","1124","1","275"
"1841","1124","1125","1","309"
"1842","1125","1126","0","158"
"1843","1126","1125","0","1"
"1844","1127","1128","1","282"
"1845","1129","1130","1","284"
"1846","1131","1132","1","296"
"1847","1133","1134","1","294"
"1848","1134","1135","0","158"
"1849","1135","1134","0","1"
"1850","1136","1137","1","297"
"1851","1138","1139","1","282"
"1852","1139","1140","1","343"
"1853","1140","1141","0","158"
"1854","1141","1140","0","1"
"1855","1142","1143","1","249"
"1856","1142","1145","1","248"
"1857","1143","1144","0","158"
"1858","1144","1143","0","1"
"1859","1145","1146","0","158"
"1860","1146","1145","0","1"
"1861","1147","1148","1","351"
"1862","1148","1149","0","158"
"1863","1149","1148","0","1"
"1864","1150","1151","0","89"
"1866","1150","1152","0","89"
"1868","1151","1150","0","89"
"1870","1152","1150","0","89"
"1872","1153","1154","1","303"
"1873","1155","1156","1","311"
"1886","1155","1157","1","315"
"1898","1156","1158","0","158"
"1899","1157","1159","0","158"
"1900","1158","1156","0","1"
"1901","1159","1157","0","1"
"1902","1160","1161","1","305"
"1903","1161","1162","0","158"
"1904","1162","1161","0","1"
"1905","1163","1164","1","266"
"1906","1165","1167","1","212"
"1907","1166","1168","1","211"
"1908","1169","1170","1","337"
"1909","1170","1171","1","365"
"1910","1171","1172","0","158"
"1911","1172","1171","0","1"
"1912","1173","1174","1","337"
"1913","1174","1175","1","365"
"1914","1175","1176","0","158"
"1915","1176","1175","0","1"
"1916","1183","1184","1","68"
"1917","1183","1185","1","70"
"1918","1183","1186","1","72"
"1919","1183","1187","1","75"
"1920","1183","1188","1","73"
"1921","1183","1189","1","74"
"1922","1183","1190","1","71"
"1923","1183","1191","1","69"
"1924","1183","1192","1","67"
"1925","1183","1240","1","10"
"1926","1183","1241","1","21"
"1927","1183","1242","1","31"
"1928","1183","1243","1","41"
"1929","1183","1244","1","50"
"1930","1183","1245","1","60"
"1931","1183","1246","1","14"
"1932","1183","1247","1","25"
"1933","1183","1248","1","35"
"1934","1183","1249","1","45"
"1935","1183","1250","1","54"
"1936","1183","1251","1","64"
"1937","1183","1252","1","13"
"1938","1183","1253","1","24"
"1939","1183","1254","1","34"
"1940","1183","1255","1","44"
"1941","1183","1256","1","53"
"1942","1183","1257","1","63"
"1943","1183","1258","1","16"
"1944","1183","1259","1","27"
"1945","1183","1260","1","37"
"1946","1183","1261","1","47"
"1947","1183","1262","1","56"
"1948","1183","1263","1","66"
"1949","1183","1264","1","8"
"1950","1183","1265","1","19"
"1951","1183","1266","1","29"
"1952","1183","1267","1","39"
"1953","1183","1268","1","48"
"1954","1183","1269","1","58"
"1955","1183","1270","1","11"
"1956","1183","1271","1","22"
"1957","1183","1272","1","32"
"1958","1183","1273","1","42"
"1959","1183","1274","1","51"
"1960","1183","1275","1","61"
"1961","1183","1276","1","12"
"1962","1183","1277","1","23"
"1963","1183","1278","1","33"
"1964","1183","1279","1","43"
"1965","1183","1280","1","52"
"1966","1183","1281","1","62"
"1967","1183","1282","1","15"
"1968","1183","1283","1","26"
"1969","1183","1284","1","36"
"1970","1183","1285","1","46"
"1971","1183","1286","1","55"
"1972","1183","1287","1","65"
"1973","1183","1288","1","9"
"1974","1183","1289","1","20"
"1975","1183","1290","1","30"
"1976","1183","1291","1","40"
"1977","1183","1292","1","49"
"1978","1183","1293","1","59"
"1979","1184","1193","0","158"
"1980","1185","1193","0","158"
"1981","1186","1193","0","158"
"1982","1187","1193","0","158"
"1983","1188","1193","0","158"
"1984","1189","1193","0","158"
"1985","1190","1193","0","158"
"1986","1191","1193","0","158"
"1987","1192","1193","0","158"
"1988","1193","1184","0","1"
"1989","1193","1185","0","1"
"1990","1193","1186","0","1"
"1991","1193","1187","0","1"
"1992","1193","1188","0","1"
"1993","1193","1189","0","1"
"1994","1193","1190","0","1"
"1995","1193","1191","0","1"
"1996","1193","1192","0","1"
"1997","1193","1240","0","1"
"1998","1193","1241","0","1"
"1999","1193","1242","0","1"
"2000","1193","1243","0","1"
"2001","1193","1244","0","1"
"2002","1193","1245","0","1"
"2003","1193","1246","0","1"
"2004","1193","1247","0","1"
"2005","1193","1248","0","1"
"2006","1193","1249","0","1"
"2007","1193","1250","0","1"
"2008","1193","1251","0","1"
"2009","1193","1252","0","1"
"2010","1193","1253","0","1"
"2011","1193","1254","0","1"
"2012","1193","1255","0","1"
"2013","1193","1256","0","1"
"2014","1193","1257","0","1"
"2015","1193","1258","0","1"
"2016","1193","1259","0","1"
"2017","1193","1260","0","1"
"2018","1193","1261","0","1"
"2019","1193","1262","0","1"
"2020","1193","1263","0","1"
"2021","1193","1264","0","1"
"2022","1193","1265","0","1"
"2023","1193","1266","0","1"
"2024","1193","1267","0","1"
"2025","1193","1268","0","1"
"2026","1193","1269","0","1"
"2027","1193","1270","0","1"
"2028","1193","1271","0","1"
"2029","1193","1272","0","1"
"2030","1193","1273","0","1"
"2031","1193","1274","0","1"
"2032","1193","1275","0","1"
"2033","1193","1276","0","1"
"2034","1193","1277","0","1"
"2035","1193","1278","0","1"
"2036","1193","1279","0","1"
"2037","1193","1280","0","1"
"2038","1193","1281","0","1"
"2039","1193","1282","0","1"
"2040","1193","1283","0","1"
"2041","1193","1284","0","1"
"2042","1193","1285","0","1"
"2043","1193","1286","0","1"
"2044","1193","1287","0","1"
"2045","1193","1288","0","1"
"2046","1193","1289","0","1"
"2047","1193","1290","0","1"
"2048","1193","1291","0","1"
"2049","1193","1292","0","1"
"2050","1193","1293","0","1"
"2051","1196","1197","1","271"
"2052","1199","1200","0","90"
"2053","1200","1199","0","90"
"2055","1203","1204","0","92"
"2056","1204","1203","0","92"
"2058","1205","1206","1","343"
"2059","1206","1207","0","158"
"2060","1207","1206","0","1"
"2061","1212","1213","0","158"
"2062","1213","1212","0","1"
"2063","1214","1215","1","372"
"2064","1215","1216","1","387"
"2065","1217","1218","0","83"
"2066","1218","1217","0","1"
"2067","1219","1220","0","82"
"2068","1220","1219","0","1"
"2069","1223","1224","1","392"
"2070","1223","1225","1","393"
"2071","1224","1226","0","158"
"2072","1225","1227","0","158"
"2073","1226","1224","0","1"
"2074","1227","1225","0","1"
"2075","1234","1235","0","240"
"2076","1234","1236","0","241"
"2077","1235","1234","0","239"
"2078","1236","1234","0","239"
"2079","1240","1193","0","158"
"2080","1241","1193","0","158"
"2081","1242","1193","0","158"
"2082","1243","1193","0","158"
"2083","1244","1193","0","158"
"2084","1245","1193","0","158"
"2085","1246","1193","0","158"
"2086","1247","1193","0","158"
"2087","1248","1193","0","158"
"2088","1249","1193","0","158"
"2089","1250","1193","0","158"
"2090","1251","1193","0","158"
"2091","1252","1193","0","158"
"2092","1253","1193","0","158"
"2093","1254","1193","0","158"
"2094","1255","1193","0","158"
"2095","1256","1193","0","158"
"2096","1257","1193","0","158"
"2097","1258","1193","0","158"
"2098","1259","1193","0","158"
"2099","1260","1193","0","158"
"2100","1261","1193","0","158"
"2101","1262","1193","0","158"
"2102","1263","1193","0","158"
"2103","1264","1193","0","158"
"2104","1265","1193","0","158"
"2105","1266","1193","0","158"
"2106","1267","1193","0","158"
"2107","1268","1193","0","158"
"2108","1269","1193","0","158"
"2109","1270","1193","0","158"
"2110","1271","1193","0","158"
"2111","1272","1193","0","158"
"2112","1273","1193","0","158"
"2113","1274","1193","0","158"
"2114","1275","1193","0","158"
"2115","1276","1193","0","158"
"2116","1277","1193","0","158"
"2117","1278","1193","0","158"
"2118","1279","1193","0","158"
"2119","1280","1193","0","158"
"2120","1281","1193","0","158"
"2121","1282","1193","0","158"
"2122","1283","1193","0","158"
"2123","1284","1193","0","158"
"2124","1285","1193","0","158"
"2125","1286","1193","0","158"
"2126","1287","1193","0","158"
"2127","1288","1193","0","158"
"2128","1289","1193","0","158"
"2129","1290","1193","0","158"
"2130","1291","1193","0","158"
"2131","1292","1193","0","158"
"2132","1293","1193","0","158"
"2133","1294","354","0","394"
"2134","1303","1324","0","242"
"2135","1304","1305","1","219"
"2136","1306","1307","1","224"
"2137","1309","1302","1","6"
"2138","1310","1301","1","237"
"2139","1313","1314","1","309"
"2140","1316","1317","1","374"
"2141","1320","635","0","209"
"2142","1321","636","0","227"
"2143","1322","1300","1","4"
"2144","1322","1323","1","3"
"2145","1324","1303","0","242"
"2146","94","1415","1","426"
"2147","302","1417","1","427"
"2148","305","1418","1","428"
"2149","305","1419","1","429"
"2150","815","1420","1","430"
"2151","1328","1416","1","284"
"2152","1329","1330","1","280"
"2153","1330","1331","1","351"
"2154","1332","1333","1","280"
"2155","1333","1334","1","351"
"2156","1335","1336","1","280"
"2157","1336","1337","1","351"
"2158","1338","1339","1","431"
"2159","1338","1340","1","432"
"2160","1341","1342","1","279"
"2161","1343","1344","1","296"
"2162","1345","1346","1","282"
"2163","1346","1347","1","433"
"2164","1348","1349","1","434"
"2165","1348","1350","1","435"
"2166","1351","1352","1","303"
"2167","1353","1354","1","297"
"2168","1354","1355","1","346"
"2169","1360","1361","1","296"
"2170","1361","1362","1","357"
"2171","1363","1364","1","436"
"2172","1363","1365","1","437"
"2173","1366","1367","1","250"
"2174","1368","1369","1","297"
"2175","1370","1371","1","309"
"2176","1372","1373","1","305"
"2177","1374","1375","1","433"
"2178","1376","1377","1","309"
"2179","1379","1380","1","219"
"2180","1381","1382","1","433"
"2181","1383","1384","1","346"
"2182","1385","1386","1","296"
"2183","1386","1387","1","357"
"2184","1388","1389","1","303"
"2185","1391","1392","1","438"
"2186","1394","1395","1","361"
"2187","1403","1404","1","346"
"2188","1405","1406","1","439"
"2189","1408","1409","1","223"
"2190","1433","1434","1","346"
"2191","1434","1435","1","382"
"2192","1436","1438","1","440"
"2193","1437","1438","1","440"
"2194","1392","1393","0","425"
"2195","1393","1392","0","425"
"2196","639","640","0","398"
"2197","468","469","1","417"
"2198","1142","1449","1","441"
"2199","1450","1452","1","442"
"2200","1451","1453","1","443"
"2201","1458","1459","0","444"
"2202","1458","1460","0","445"
"2203","1458","1461","0","446"
"2204","1459","1458","0","1"
"2205","1460","1458","0","1"
"2206","1461","1458","0","1"
"2207","1458","1462","0","447"
"2208","1459","1463","0","447"
"2209","1460","1464","0","447"
"2210","1461","1465","0","447"
"2211","1462","1458","0","1"
"2212","1463","1459","0","1"
"2213","1464","1460","0","1"
"2214","1465","1461","0","1"
"2215","1295","1296","1","343"
"2216","1212","1466","1","448"
"2217","1449","1467","1","449"
"2218","1472","1473","0","450"
"2219","1473","1474","0","447"
"2220","1473","1472","0","1"
"2221","1474","1472","0","1"
